Experiment,Location,Structure,Fragment,Species,Date_0,Length_cm_0,Width1_cm_0,Width2_cm_0,EV_cm3_0,Survival_0,Comments_0,Date_1,Length_cm_1,Width1_cm_1,Width2_cm_1,EV_cm3_1,Survival_1,Comments_1,Date_2,Length_cm_2,Width1_cm_2,Width2_cm_2,EV_cm3_2,Survival_2,Comments_2,Date_3,Length_cm_3,Width1_cm_3,Width2_cm_3,EV_cm3_3,Survival_3,Comments_3
Depth gradient 2019 - 2020,Pilli Pipa,1,1,Acropora formosa,30-Oct-19,9.1,1.3,1.5,14,100,,25-Feb-20,8.9,2.4,1.9,32,100,,20-May-20,11.1,3.1,2.6,71,100,,7-Oct-20,10.7,4.1,3.7,128,80,
Depth gradient 2019 - 2020,Pilli Pipa,1,2,Acropora formosa,30-Oct-19,5.4,2.5,2.5,27,100,,25-Feb-20,7.6,4.5,3.3,91,100,,20-May-20,9.9,6.4,5.2,262,100,,7-Oct-20,12.9,8.3,6.3,540,100,
Depth gradient 2019 - 2020,Pilli Pipa,1,3,Acropora formosa,30-Oct-19,6.1,2.9,2.9,40,100,,25-Feb-20,7.8,4.7,2.9,88,100,,20-May-20,12.3,9.7,6.6,642,100,,7-Oct-20,14.4,8.3,8.5,798,100,
Depth gradient 2019 - 2020,Pilli Pipa,1,4,Acropora formosa,30-Oct-19,5.6,2.7,2.2,26,100,,25-Feb-20,7.6,3.7,3.6,80,100,,20-May-20,10.9,6.1,5.7,298,100,,7-Oct-20,11.9,8.3,5.5,445,100,
Depth gradient 2019 - 2020,Pilli Pipa,1,5,Acropora formosa,30-Oct-19,8.9,1.8,1.8,23,100,,25-Feb-20,10,2.8,2.7,59,100,,20-May-20,13,5.2,3.3,184,100,,7-Oct-20,12.2,8.3,5.3,443,100,
Depth gradient 2019 - 2020,Pilli Pipa,1,6,Acropora formosa,30-Oct-19,8.3,2.8,2.6,48,100,,25-Feb-20,8.3,3.2,3.8,80,100,,20-May-20,9.8,5.6,4.7,204,100,,7-Oct-20,7.8,6.3,5.8,224,70,
Depth gradient 2019 - 2020,Pilli Pipa,1,7,Acropora formosa,30-Oct-19,8,5.7,2.3,101,100,,25-Feb-20,9.8,7,4.3,246,100,,20-May-20,12.8,9.7,7.2,718,100,,7-Oct-20,10.2,8.3,6.1,415,100,
Depth gradient 2019 - 2020,Pilli Pipa,1,8,Acropora formosa,30-Oct-19,11.1,2,2.1,37,100,,25-Feb-20,12.1,4,3.2,123,100,,20-May-20,14.4,5.6,5.2,330,100,,7-Oct-20,10.2,8.3,6.2,421,100,
Depth gradient 2019 - 2020,Pilli Pipa,2,1,Acropora formosa,30-Oct-19,8.4,2.3,1.5,24,100,,25-Feb-20,12,6,4.1,240,100,,20-May-20,14.2,9.2,7,732,100,>1cm Difference,7-Oct-20,12.5,12.1,8.3,"1,021",100,
Depth gradient 2019 - 2020,Pilli Pipa,2,2,Acropora formosa,30-Oct-19,7.5,2.8,1.8,31,100,,25-Feb-20,11.4,4.7,4.2,177,100,,20-May-20,16.5,8.1,6.5,691,100,,7-Oct-20,17.7,11.9,9.5,"1,592",100,
Depth gradient 2019 - 2020,Pilli Pipa,2,3,Acropora formosa,30-Oct-19,6.8,1.1,1.3,8,100,,25-Feb-20,9.4,3.5,2.8,73,100,,20-May-20,13.6,7.4,4.8,397,100,,7-Oct-20,14.4,10.4,7.1,866,100,
Depth gradient 2019 - 2020,Pilli Pipa,2,4,Acropora formosa,30-Oct-19,13.2,4.1,1.7,87,100,Very big frag,25-Feb-20,15.4,7,4.5,400,100,,20-May-20,,,,,0,Missing,7-Oct-20,,,,,0,Missing
Depth gradient 2019 - 2020,Pilli Pipa,2,5,Acropora formosa,30-Oct-19,8.3,1.6,1.4,15,100,,25-Feb-20,10.7,3.8,3.8,121,100,,20-May-20,12.9,6.4,5.5,359,100,,7-Oct-20,11.6,8.7,8.2,651,100,
Depth gradient 2019 - 2020,Pilli Pipa,2,6,Acropora formosa,30-Oct-19,9.6,1.4,1.4,15,100,,25-Feb-20,11.9,3.5,3.9,128,100,,20-May-20,14.2,6.1,7,478,100,,7-Oct-20,13.6,9.6,9.1,934,100,
Depth gradient 2019 - 2020,Pilli Pipa,2,7,Acropora formosa,30-Oct-19,9.7,5.7,1.5,99,100,,25-Feb-20,11.9,7,4.3,298,100,,20-May-20,16.7,9.8,6,819,100,,7-Oct-20,21.1,11.7,9.6,"1,880",100,
Depth gradient 2019 - 2020,Pilli Pipa,2,8,Acropora formosa,30-Oct-19,9.4,1.7,1.6,20,100,,25-Feb-20,,,,,0,Missing,20-May-20,,,,,0,Missing,7-Oct-20,,,,,0,Missing
Depth gradient 2019 - 2020,Pilli Pipa,3,1,Acropora formosa,30-Oct-19,5.4,1.6,1.4,10,100,,25-Feb-20,8.2,3,2.1,42,100,,20-May-20,11.4,5.1,2.2,119,45,Dead in between; >1cm Difference,7-Oct-20,4.5,4.5,2.1,38,30,
Depth gradient 2019 - 2020,Pilli Pipa,3,2,Acropora formosa,30-Oct-19,3.4,1.2,1.2,4,100,Mini frag,25-Feb-20,5.2,2.8,1.8,22,100,,20-May-20,7.4,5.7,3.9,134,100,,7-Oct-20,10.9,6.5,5.7,319,100,
Depth gradient 2019 - 2020,Pilli Pipa,3,3,Acropora formosa,30-Oct-19,6.7,2.9,1.8,29,100,,25-Feb-20,8.1,5.3,3.2,115,100,,20-May-20,9,5.9,5.1,214,100,,7-Oct-20,13.3,12.6,9.8,"1,310",100,>1cm difference
Depth gradient 2019 - 2020,Pilli Pipa,3,4,Acropora formosa,30-Oct-19,3.9,4.1,2.5,33,100,,25-Feb-20,5.8,6,3.8,109,100,,20-May-20,,,,,0,Missing,7-Oct-20,,,,,0,Missing
Depth gradient 2019 - 2020,Pilli Pipa,3,5,Acropora formosa,30-Oct-19,6,1.9,2,18,100,,25-Feb-20,7.8,3.3,1.8,40,100,,20-May-20,6.1,5.5,3,87,85,,7-Oct-20,7.8,8.5,6.3,335,80,
Depth gradient 2019 - 2020,Pilli Pipa,3,6,Acropora formosa,30-Oct-19,4.4,2.6,2.4,22,100,,25-Feb-20,4.2,3,2.6,26,100,,20-May-20,2.6,2.4,2.1,10,30,,7-Oct-20,2.9,2.6,3.1,19,30,
Depth gradient 2019 - 2020,Pilli Pipa,3,7,Acropora formosa,30-Oct-19,3.7,1.3,1.6,6,100,,25-Feb-20,,,,,0,Missing,20-May-20,,,,,0,Missing,7-Oct-20,,,,,0,Missing
Depth gradient 2019 - 2020,Pilli Pipa,3,8,Acropora formosa,30-Oct-19,3.4,3,2,17,100,,25-Feb-20,4,3.8,2.4,30,100,,20-May-20,5.1,4.6,2.5,50,100,,7-Oct-20,7.1,7.2,5.4,221,100,
Depth gradient 2019 - 2020,Pilli Pipa,4,1,Acropora formosa,30-Oct-19,3.5,1.4,2,8,100,,25-Feb-20,7.6,2.5,2.1,32,100,,20-May-20,11.6,4.2,2.8,112,100,,7-Oct-20,15.5,5.2,6.2,396,100,>1cm difference
Depth gradient 2019 - 2020,Pilli Pipa,4,2,Acropora formosa,30-Oct-19,4.8,1.7,1.2,8,100,,25-Feb-20,7.7,3.4,2.8,58,100,,20-May-20,12.1,12.7,4.7,719,100,,7-Oct-20,14,8.9,6.5,652,100,
Depth gradient 2019 - 2020,Pilli Pipa,4,3,Acropora formosa,30-Oct-19,3.8,1.1,1.3,4,100,,25-Feb-20,5.2,2,1.7,14,100,,20-May-20,8.3,4.3,3.6,102,100,,7-Oct-20,9.7,6.9,5.5,293,100,
Depth gradient 2019 - 2020,Pilli Pipa,4,4,Acropora formosa,30-Oct-19,5.5,4.5,3.3,66,100,,25-Feb-20,8.5,7,5.4,257,100,,20-May-20,12.4,10.7,9.9,"1,033",100,,7-Oct-20,15.3,12.8,10.4,"1,617",100,
Depth gradient 2019 - 2020,Pilli Pipa,4,5,Acropora formosa,30-Oct-19,6.4,4.3,1.6,44,100,,25-Feb-20,10.3,6.7,2.8,183,100,,20-May-20,13.5,11.8,4.5,704,100,,7-Oct-20,17.1,13.4,8.5,"1,610",100,>1cm difference
Depth gradient 2019 - 2020,Pilli Pipa,4,6,Acropora formosa,30-Oct-19,5.2,2.6,2.2,24,100,,25-Feb-20,6.5,4.7,3.5,86,100,,20-May-20,9.6,4.3,3.8,124,90,,7-Oct-20,10.5,7.7,7.7,489,60,
Depth gradient 2019 - 2020,Pilli Pipa,4,7,Acropora formosa,30-Oct-19,6.5,4.4,2.9,68,100,,25-Feb-20,8.9,5.5,4.3,168,100,,20-May-20,11.4,6.4,5.8,333,100,,7-Oct-20,11.4,5.6,5.9,296,100,
Depth gradient 2019 - 2020,Pilli Pipa,4,8,Acropora formosa,30-Oct-19,7.5,1.7,1.4,14,100,,25-Feb-20,10.6,3.9,2.6,88,100,,20-May-20,12.4,5.4,3.9,211,100,,7-Oct-20,15.4,10.4,7.6,980,100,
Depth gradient 2019 - 2020,Pilli Pipa,5,1,Acropora formosa,30-Oct-19,6.9,2.7,1.6,25,100,,25-Feb-20,7.4,3.4,1.6,36,100,,20-May-20,,,,,0,Dead,7-Oct-20,,,,,0,Dead
Depth gradient 2019 - 2020,Pilli Pipa,5,2,Acropora formosa,30-Oct-19,11.6,6.1,3.2,197,100,Large frag,25-Feb-20,12,6.4,3.9,250,95,,20-May-20,9.8,5.3,3.8,159,90,,7-Oct-20,8.7,4.5,6.4,203,70,
Depth gradient 2019 - 2020,Pilli Pipa,5,3,Acropora formosa,30-Oct-19,5.2,5.9,3.7,94,100,,25-Feb-20,6.3,5.5,4.5,124,100,,20-May-20,7.6,5.4,4,132,90,,7-Oct-20,10.9,5.3,6.5,298,60,
Depth gradient 2019 - 2020,Pilli Pipa,5,4,Acropora formosa,30-Oct-19,5,4.8,3.4,66,100,,25-Feb-20,6.6,6,4.2,135,100,,20-May-20,7.5,6.7,4.3,178,90,,7-Oct-20,10.1,6.5,5.8,300,50,
Depth gradient 2019 - 2020,Pilli Pipa,5,5,Acropora formosa,30-Oct-19,6.2,1.6,1.5,12,100,,25-Feb-20,7.2,2,1.6,18,100,,20-May-20,,,,,0,Dead,7-Oct-20,,,,,0,Dead
Depth gradient 2019 - 2020,Pilli Pipa,5,6,Acropora formosa,30-Oct-19,4.5,1.4,1.3,6,100,,25-Feb-20,5.1,1.5,1.3,8,100,,20-May-20,6.3,2.5,1.5,20,100,,7-Oct-20,7.7,3.9,3.2,76,70,
Depth gradient 2019 - 2020,Pilli Pipa,5,7,Acropora formosa,30-Oct-19,8.9,3.8,1.8,55,100,,25-Feb-20,8.9,4.4,2.3,78,70,,20-May-20,2.9,2.6,1.9,12,20,,7-Oct-20,,,,,0,Dead
Depth gradient 2019 - 2020,Pilli Pipa,5,8,Acropora formosa,30-Oct-19,10.6,2.1,1.7,30,100,,25-Feb-20,6.7,2,1.4,15,70,,20-May-20,2.3,1.9,1.5,5,10,,7-Oct-20,1.9,0.9,0,0,5,
Depth gradient 2019 - 2020,Pilli Pipa,6,1,Acropora formosa,30-Oct-19,5.1,3.6,1.7,28,100,,25-Feb-20,7.9,5.4,3.3,117,100,,20-May-20,8.6,4.3,4,116,80,,7-Oct-20,5.6,5.8,5,128,30,
Depth gradient 2019 - 2020,Pilli Pipa,6,2,Acropora formosa,30-Oct-19,8,2.5,1.5,25,100,,25-Feb-20,10.4,3.1,4.3,112,100,,20-May-20,13.2,8.6,4.5,445,100,,7-Oct-20,18.4,13.3,5.5,"1,277",100,>1cm difference
Depth gradient 2019 - 2020,Pilli Pipa,6,3,Acropora formosa,30-Oct-19,9,1.5,1.6,17,100,,25-Feb-20,11.7,2,3.2,62,100,,20-May-20,15,6.7,3.3,295,90,,7-Oct-20,19.5,7.3,6.7,750,50,
Depth gradient 2019 - 2020,Pilli Pipa,6,4,Acropora formosa,30-Oct-19,9,1.6,1.4,16,100,,25-Feb-20,11.9,3.6,3,102,100,,20-May-20,14.7,5.9,4.4,306,100,,7-Oct-20,18.9,13.3,9.1,"1,862",100,
Depth gradient 2019 - 2020,Pilli Pipa,6,5,Acropora formosa,30-Oct-19,4.5,3.7,2.4,33,100,,25-Feb-20,6.2,4.4,4.4,94,100,,20-May-20,2.3,2.1,2.5,10,25,,7-Oct-20,,,,,0,Dead
Depth gradient 2019 - 2020,Pilli Pipa,6,6,Acropora formosa,30-Oct-19,8,1.6,1.6,16,100,,25-Feb-20,9.5,4,2.3,74,100,,20-May-20,12.2,5.3,3.9,203,100,,7-Oct-20,15.4,7.3,10.1,915,100,
Depth gradient 2019 - 2020,Pilli Pipa,6,7,Acropora formosa,30-Oct-19,6,4.7,2.4,59,100,,25-Feb-20,9,6.7,4.5,222,100,,20-May-20,13.4,14.2,6.7,"1,149",100,>1cm Difference,7-Oct-20,15.7,16.5,12.7,"2,628",100,
Depth gradient 2019 - 2020,Pilli Pipa,6,8,Acropora formosa,30-Oct-19,6.1,2.3,3.1,35,100,,25-Feb-20,8.5,4.8,4.8,154,100,,20-May-20,10.5,7.3,5.1,317,90,,7-Oct-20,12.5,7.8,7.4,567,100,
Depth gradient 2019 - 2020,Pilli Pipa,7,1,Acropora formosa,30-Oct-19,6.7,4.2,1.9,49,100,,25-Feb-20,3.4,1.9,2.2,11,30,,20-May-20,,,,,0,Dead,7-Oct-20,,,,,0,Dead
Depth gradient 2019 - 2020,Pilli Pipa,7,2,Acropora formosa,30-Oct-19,9.1,2.5,2,36,100,,25-Feb-20,11.6,4.4,3.3,135,100,,20-May-20,13.8,5.5,3.9,239,100,,7-Oct-20,9.4,8.5,7.9,496,60,
Depth gradient 2019 - 2020,Pilli Pipa,7,3,Acropora formosa,30-Oct-19,5.5,2.9,1.4,20,100,,25-Feb-20,7.6,3.8,3.3,75,100,,20-May-20,8.4,3.9,3.7,95,90,,7-Oct-20,13,9,7.4,687,100,
Depth gradient 2019 - 2020,Pilli Pipa,7,4,Acropora formosa,30-Oct-19,6.1,2.4,1.6,19,100,,25-Feb-20,7.9,4.5,2.1,68,100,,20-May-20,9.8,4.4,2.4,89,100,,7-Oct-20,14.3,6.9,2.8,264,80,
Depth gradient 2019 - 2020,Pilli Pipa,7,5,Acropora formosa,30-Oct-19,6,5.5,2.4,74,100,,25-Feb-20,4.2,4.6,2.1,37,30,,20-May-20,,,,,0,Dead,7-Oct-20,,,,,0,Dead
Depth gradient 2019 - 2020,Pilli Pipa,7,6,Acropora formosa,30-Oct-19,8.7,3.6,1.9,52,100,,25-Feb-20,,,,,0,Dead,20-May-20,,,,,0,Dead,7-Oct-20,,,,,0,Dead
Depth gradient 2019 - 2020,Pilli Pipa,7,7,Acropora formosa,30-Oct-19,7.3,1.5,1.3,11,100,,25-Feb-20,7.6,2.2,1.5,20,100,,20-May-20,10.1,3.7,2,64,80,,7-Oct-20,2.3,3.5,3.2,20,20,
Depth gradient 2019 - 2020,Pilli Pipa,7,8,Acropora formosa,30-Oct-19,7,1.6,1.7,15,100,,25-Feb-20,8.1,1.8,1.8,21,100,,20-May-20,8.4,1.7,1.5,17,90,,7-Oct-20,3.6,3.5,3.3,33,20,
Depth gradient 2019 - 2020,Pilli Pipa,8,1,Acropora formosa,30-Oct-19,7.5,3.7,2.8,62,100,,25-Feb-20,10,7.3,4.8,287,90,,20-May-20,10.9,7.9,4.8,345,100,,7-Oct-20,10.5,5.7,5,236,80,
Depth gradient 2019 - 2020,Pilli Pipa,8,2,Acropora formosa,30-Oct-19,5.5,3.1,1.7,25,100,,25-Feb-20,7.7,4.1,2.6,68,100,,20-May-20,7.6,4.6,2.8,82,100,,7-Oct-20,8.8,5.9,3.4,149,100,
Depth gradient 2019 - 2020,Pilli Pipa,8,3,Acropora formosa,30-Oct-19,5,8.1,3.9,141,100,,25-Feb-20,7.6,6.4,5.9,226,80,,20-May-20,9.2,8,5.4,324,90,,7-Oct-20,6.4,8.5,6,264,70,
Depth gradient 2019 - 2020,Pilli Pipa,8,4,Acropora formosa,30-Oct-19,7.4,2.3,1.5,21,100,,25-Feb-20,9,2.9,1.7,37,100,,20-May-20,8.9,3,1.7,39,100,,7-Oct-20,11.5,4.7,4.4,187,100,
Depth gradient 2019 - 2020,Pilli Pipa,8,5,Acropora formosa,30-Oct-19,6.5,4.2,1.9,47,100,,25-Feb-20,8.1,5.3,3.6,126,100,,20-May-20,11.1,7.4,4.3,298,100,,7-Oct-20,11.6,7.5,5,356,40,
Depth gradient 2019 - 2020,Pilli Pipa,8,6,Acropora formosa,30-Oct-19,7.2,2,2,23,100,,25-Feb-20,10.3,3.4,3.3,91,100,,20-May-20,11.2,3.8,3.9,130,100,,7-Oct-20,8.1,5.3,3.3,118,70,
Depth gradient 2019 - 2020,Pilli Pipa,8,7,Acropora formosa,30-Oct-19,6.6,3.8,1.3,34,100,,25-Feb-20,8.6,4.8,3.3,111,100,,20-May-20,9.1,6.4,3.3,168,100,,7-Oct-20,10.5,5.5,3.6,171,85,
Depth gradient 2019 - 2020,Pilli Pipa,8,8,Acropora formosa,30-Oct-19,6.5,1.2,1.3,8,100,,25-Feb-20,8.9,2.3,1.6,27,100,,20-May-20,9.4,3.2,2.3,56,100,,7-Oct-20,3,2.9,2.1,15,10,
Depth gradient 2019 - 2020,Pilli Pipa,9,1,Acropora formosa,30-Oct-19,7.9,1.7,1.5,16,100,,25-Feb-20,11.6,2.4,1.6,36,100,,20-May-20,7.9,3.3,1.5,36,100,,7-Oct-20,,,,,0,Dead
Depth gradient 2019 - 2020,Pilli Pipa,9,2,Acropora formosa,30-Oct-19,6.8,2.2,1.5,18,100,,25-Feb-20,2.6,1.8,1.3,5,30,,20-May-20,,,,,0,Dead,7-Oct-20,,,,,0,Dead
Depth gradient 2019 - 2020,Pilli Pipa,9,3,Acropora formosa,30-Oct-19,7.5,2,2.3,27,100,,25-Feb-20,9.3,5.6,1.9,103,90,,20-May-20,3.6,1.6,1.3,6,40,,7-Oct-20,2.7,2.7,2.6,15,15,
Depth gradient 2019 - 2020,Pilli Pipa,9,4,Acropora formosa,30-Oct-19,5.2,1.5,1.4,9,100,,25-Feb-20,6.1,1.2,1.5,9,100,,20-May-20,5.9,2.1,1.6,16,60,,7-Oct-20,0.5,1,0.5,0,5,
Depth gradient 2019 - 2020,Pilli Pipa,9,5,Acropora formosa,30-Oct-19,7.1,4.4,2.6,68,100,,25-Feb-20,8.2,3.8,1.6,47,100,,20-May-20,3.8,2.7,1.7,14,15,,7-Oct-20,,,,,0,Dead
Depth gradient 2019 - 2020,Pilli Pipa,9,6,Acropora formosa,30-Oct-19,7.9,1.8,1.5,17,100,,25-Feb-20,10.5,2.4,2.1,42,100,,20-May-20,12.4,2.9,2.8,79,100,,7-Oct-20,14.1,5.5,3.8,239,50,
Depth gradient 2019 - 2020,Pilli Pipa,9,7,Acropora formosa,30-Oct-19,5.6,2.9,3.2,41,100,,25-Feb-20,5.1,3.5,2.4,35,100,,20-May-20,5.8,3.5,2.5,41,100,,7-Oct-20,9.1,4.8,4.8,165,100,
Depth gradient 2019 - 2020,Pilli Pipa,9,8,Acropora formosa,30-Oct-19,7.6,1.6,1.2,12,100,,25-Feb-20,9.6,2.6,1.9,38,100,,20-May-20,10.4,2.5,1.5,33,70,,7-Oct-20,4.4,3,2.9,30,30,
Depth gradient 2019 - 2020,Pilli Pipa,10,1,Acropora formosa,30-Oct-19,6.2,4.5,1.6,45,100,,25-Feb-20,7.4,4.9,2.5,80,95,,20-May-20,,,,,0,Dead,7-Oct-20,,,,,0,Dead
Depth gradient 2019 - 2020,Pilli Pipa,10,2,Acropora formosa,30-Oct-19,5.6,1.2,1.4,7,100,,25-Feb-20,5.5,1.4,1.2,7,90,,20-May-20,,,,,0,Dead,7-Oct-20,,,,,0,Dead
Depth gradient 2019 - 2020,Pilli Pipa,10,3,Acropora formosa,30-Oct-19,9.3,2.5,2.3,42,100,,25-Feb-20,9.2,4,1.6,57,100,,20-May-20,7.5,4.6,2.1,66,90,,7-Oct-20,,,,,0,Dead
Depth gradient 2019 - 2020,Pilli Pipa,10,4,Acropora formosa,30-Oct-19,7.1,1.5,1.5,13,100,,25-Feb-20,8.5,1.6,1.5,16,100,,20-May-20,8.7,1.9,2.2,29,100,,7-Oct-20,2.9,5.3,3.8,47,20,
Depth gradient 2019 - 2020,Pilli Pipa,10,5,Acropora formosa,30-Oct-19,9.5,1.8,1.5,20,100,,25-Feb-20,7.6,1.6,1.8,17,100,,20-May-20,5,2,1.9,15,70,,7-Oct-20,4.4,3.5,3.8,46,50,
Depth gradient 2019 - 2020,Pilli Pipa,10,6,Acropora formosa,30-Oct-19,7.2,1.8,2,20,100,,25-Feb-20,8.6,1.8,1.9,23,100,,20-May-20,8.8,1.8,1.8,22,100,,7-Oct-20,1.5,1.4,2.1,4,10,
Depth gradient 2019 - 2020,Pilli Pipa,10,7,Acropora formosa,30-Oct-19,7.5,1.7,1.6,16,100,,25-Feb-20,10.6,2.3,2.1,40,90,,20-May-20,,,,,0,Dead,7-Oct-20,,,,,0,Dead
Depth gradient 2019 - 2020,Pilli Pipa,10,8,Acropora formosa,30-Oct-19,9.6,2.1,2.4,38,100,,25-Feb-20,,,,,0,Missing,20-May-20,,,,,0,Missing,7-Oct-20,,,,,0,Missing
Depth gradient 2019 - 2020,Pilli Pipa,1,1,Acropora verweyi,30-Oct-19,4.8,6,4.1,96,100,,25-Feb-20,1.5,1.5,0.8,2,5,,20-May-20,,,,,0,Dead,7-Oct-20,,,,,0,Dead
Depth gradient 2019 - 2020,Pilli Pipa,1,2,Acropora verweyi,30-Oct-19,4.3,3.2,2.7,29,100,,25-Feb-20,4.7,2.6,2.4,23,90,,20-May-20,4.9,2.3,2.5,22,80,,7-Oct-20,8.3,4.6,3.9,118,30,
Depth gradient 2019 - 2020,Pilli Pipa,1,3,Acropora verweyi,30-Oct-19,6.1,2.8,2.9,39,100,,25-Feb-20,,,,,0,Missing,20-May-20,,,,,0,Missing,7-Oct-20,,,,,0,Missing
Depth gradient 2019 - 2020,Pilli Pipa,1,4,Acropora verweyi,30-Oct-19,6,4.2,2.6,54,100,,25-Feb-20,5.7,3.7,2.8,47,90,,20-May-20,6.5,3,2.7,41,60,,7-Oct-20,7.1,3,4.9,87,50,
Depth gradient 2019 - 2020,Pilli Pipa,1,5,Acropora verweyi,30-Oct-19,7.3,1.6,1.4,13,100,,25-Feb-20,5.4,1.6,1.7,12,70,,20-May-20,7,2.3,1.9,24,75,,7-Oct-20,,,,,0,Missing
Depth gradient 2019 - 2020,Pilli Pipa,1,6,Acropora verweyi,30-Oct-19,5.9,5.1,3.3,82,100,,25-Feb-20,6,4.1,3,59,60,,20-May-20,6.1,3.9,5.5,106,90,,7-Oct-20,4.9,3.9,1.8,31,10,
Depth gradient 2019 - 2020,Pilli Pipa,1,7,Acropora verweyi,30-Oct-19,6.8,3.2,2.9,50,100,,25-Feb-20,6.6,2.1,1.6,18,60,,20-May-20,6.9,2.8,3.4,52,80,,7-Oct-20,,,,,0,Dead
Depth gradient 2019 - 2020,Pilli Pipa,1,8,Acropora verweyi,30-Oct-19,5.3,3.6,3.4,51,100,,25-Feb-20,5.3,3.7,4.1,63,100,,20-May-20,5.3,4.3,4.1,73,90,,7-Oct-20,6.4,4.7,6,144,95,
Depth gradient 2019 - 2020,Pilli Pipa,2,1,Acropora verweyi,30-Oct-19,6.5,6.4,3.5,125,100,,25-Feb-20,8.8,7.5,3.7,217,100,,20-May-20,9.1,7,5,257,90,,7-Oct-20,10.7,6.4,3.4,203,40,
Depth gradient 2019 - 2020,Pilli Pipa,2,2,Acropora verweyi,30-Oct-19,5.7,2.5,2.6,29,100,,25-Feb-20,7.4,3.4,3.1,61,100,,20-May-20,7.1,2.9,3.4,55,90,,7-Oct-20,3.4,2.7,1.7,13,10,Bleaching
Depth gradient 2019 - 2020,Pilli Pipa,2,3,Acropora verweyi,30-Oct-19,4.9,2.4,1.7,16,100,,25-Feb-20,6.3,3.1,2.2,35,100,,20-May-20,9.7,5.1,4.4,172,100,,7-Oct-20,10.8,6.3,6.6,353,95,
Depth gradient 2019 - 2020,Pilli Pipa,2,4,Acropora verweyi,30-Oct-19,4.9,5.2,5,100,100,,25-Feb-20,5.2,6.3,5.5,142,100,,20-May-20,7,3.7,5,104,100,,7-Oct-20,11.5,6.2,4,235,50,
Depth gradient 2019 - 2020,Pilli Pipa,2,5,Acropora verweyi,30-Oct-19,,,,,0,Missing,25-Feb-20,,,,,0,Missing,20-May-20,,,,,0,Missing,7-Oct-20,,,,,0,Missing
Depth gradient 2019 - 2020,Pilli Pipa,2,6,Acropora verweyi,30-Oct-19,5.5,2.9,2.4,30,100,,25-Feb-20,6.1,4,3.1,60,100,,20-May-20,6.7,4.5,3.7,88,100,,7-Oct-20,7,4.1,3.2,73,80,
Depth gradient 2019 - 2020,Pilli Pipa,2,7,Acropora verweyi,30-Oct-19,,,,,0,Missing,25-Feb-20,,,,,0,Missing,20-May-20,,,,,0,Missing,7-Oct-20,,,,,0,Missing
Depth gradient 2019 - 2020,Pilli Pipa,2,8,Acropora verweyi,30-Oct-19,4.2,2.6,2.6,22,100,,25-Feb-20,6,4.3,3.5,72,100,,20-May-20,6.7,6.2,5.1,168,100,,7-Oct-20,7.4,6.4,5.8,216,90,
Depth gradient 2019 - 2020,Pilli Pipa,3,1,Acropora verweyi,30-Oct-19,6.4,5.8,4,121,100,,25-Feb-20,7.9,6.7,6.2,258,90,,20-May-20,8.7,7.2,5.4,271,90,,7-Oct-20,10.4,9.3,6.4,503,70,
Depth gradient 2019 - 2020,Pilli Pipa,3,2,Acropora verweyi,30-Oct-19,7.2,6.3,3.6,139,100,,25-Feb-20,8.5,8.2,5.1,295,100,,20-May-20,8.8,3.2,4.7,108,60,,7-Oct-20,10.9,5.8,7.5,379,80,
Depth gradient 2019 - 2020,Pilli Pipa,3,3,Acropora verweyi,30-Oct-19,5.8,4.4,3.9,78,100,,25-Feb-20,7.4,5,4.5,131,95,,20-May-20,8.4,5.9,4.7,185,90,,7-Oct-20,12.3,9.8,7.7,740,90,
Depth gradient 2019 - 2020,Pilli Pipa,3,4,Acropora verweyi,30-Oct-19,7,5.5,4.4,135,100,,25-Feb-20,7.2,5.7,3.4,117,95,,20-May-20,6.8,5.6,4.2,128,80,,7-Oct-20,8.1,5.6,5.8,207,30,
Depth gradient 2019 - 2020,Pilli Pipa,3,5,Acropora verweyi,30-Oct-19,6.4,4.7,3.4,82,100,,25-Feb-20,7.8,4.5,5.7,159,95,,20-May-20,10.7,6.5,5,278,90,,7-Oct-20,13.8,8.7,7.1,676,90,
Depth gradient 2019 - 2020,Pilli Pipa,3,6,Acropora verweyi,30-Oct-19,6.2,5,3.9,96,100,,25-Feb-20,7.6,6,5.7,204,95,>1cm Difference,20-May-20,8,7,5.1,230,90,,7-Oct-20,9.5,9.3,4.4,350,80,
Depth gradient 2019 - 2020,Pilli Pipa,3,7,Acropora verweyi,30-Oct-19,5.3,4.6,3.9,75,100,,25-Feb-20,7,5.4,5,149,95,,20-May-20,8.8,6,6.6,274,90,,7-Oct-20,10.2,6.6,4.5,247,60,
Depth gradient 2019 - 2020,Pilli Pipa,3,8,Acropora verweyi,30-Oct-19,5.8,4.5,2.8,61,100,,25-Feb-20,,,,,0,Dead,20-May-20,,,,,0,Dead,7-Oct-20,,,,,0,Dead
Depth gradient 2019 - 2020,Pilli Pipa,4,1,Acropora verweyi,30-Oct-19,6.2,3.8,3.5,65,100,,25-Feb-20,8,4.2,2.9,79,100,,20-May-20,8.3,4.9,4,129,100,,7-Oct-20,9.6,5.1,5.8,224,100,
Depth gradient 2019 - 2020,Pilli Pipa,4,2,Acropora verweyi,30-Oct-19,4.8,3.2,3.5,42,100,,25-Feb-20,6.5,4.1,3.5,74,100,,20-May-20,7.2,3.3,3.3,62,90,,7-Oct-20,8.2,4.5,4.1,119,80,
Depth gradient 2019 - 2020,Pilli Pipa,4,3,Acropora verweyi,30-Oct-19,5.5,1.8,1.8,14,100,,25-Feb-20,6.9,2.7,1.9,29,100,,20-May-20,9.5,3.9,3.5,102,90,,7-Oct-20,5,3.4,2.7,37,40,
Depth gradient 2019 - 2020,Pilli Pipa,4,4,Acropora verweyi,30-Oct-19,8.1,4.3,2.6,76,100,,25-Feb-20,9,4.8,3.2,113,100,,20-May-20,10.6,5.8,3.5,180,100,,7-Oct-20,,,,,0,Missing
Depth gradient 2019 - 2020,Pilli Pipa,4,5,Acropora verweyi,30-Oct-19,7,3.3,2,39,100,,25-Feb-20,7.3,3.4,2.5,50,100,,20-May-20,9.1,4.5,2.6,90,90,,7-Oct-20,8.5,3.8,3.1,79,90,
Depth gradient 2019 - 2020,Pilli Pipa,4,6,Acropora verweyi,30-Oct-19,7.9,3.6,2.6,60,100,,25-Feb-20,9.7,3.5,4,107,100,,20-May-20,,,,,0,Missing,7-Oct-20,,,,,0,Missing
Depth gradient 2019 - 2020,Pilli Pipa,4,7,Acropora verweyi,30-Oct-19,5.1,2.1,2.4,20,100,,25-Feb-20,5.5,2.9,2.9,36,95,,20-May-20,5.9,3.5,2.4,40,90,,7-Oct-20,8.5,4.8,4.6,147,95,
Depth gradient 2019 - 2020,Pilli Pipa,4,8,Acropora verweyi,30-Oct-19,6.8,2,1.9,20,100,,25-Feb-20,8.3,2.7,2.4,42,100,,20-May-20,11.1,3.6,3.5,110,100,,7-Oct-20,12.7,6.6,5.6,371,100,
Depth gradient 2019 - 2020,Pilli Pipa,5,1,Acropora verweyi,30-Oct-19,4.4,3.2,2.9,32,100,,25-Feb-20,7.6,5.2,4,126,100,,20-May-20,9.3,4.7,4.5,155,100,>1cm Difference,7-Oct-20,11.6,4.7,6,261,95,
Depth gradient 2019 - 2020,Pilli Pipa,5,2,Acropora verweyi,30-Oct-19,4.8,2.5,1.8,17,100,,25-Feb-20,7.7,3.8,3.1,72,100,,20-May-20,9,4.5,4.7,150,100,,7-Oct-20,12.4,8,7.2,563,95,
Depth gradient 2019 - 2020,Pilli Pipa,5,3,Acropora verweyi,30-Oct-19,3.9,1.1,0.8,3,100,Tiny frag,25-Feb-20,6.1,2.2,1.2,14,100,>1cm Difference,20-May-20,5.5,1.9,1.1,10,80,,7-Oct-20,2.6,2.1,2.1,9,40,
Depth gradient 2019 - 2020,Pilli Pipa,5,4,Acropora verweyi,30-Oct-19,4.7,2.3,1.4,13,100,Unhealthy start?,25-Feb-20,5.4,2.8,2,24,90,,20-May-20,7.5,3.3,2.6,51,80,,7-Oct-20,8.9,4.4,3.8,118,70,
Depth gradient 2019 - 2020,Pilli Pipa,5,5,Acropora verweyi,30-Oct-19,5.9,3.1,2.8,40,100,,25-Feb-20,7.7,4.6,3.8,107,100,,20-May-20,10.2,6.2,4.4,225,100,,7-Oct-20,12.8,5.5,7.1,399,95,
Depth gradient 2019 - 2020,Pilli Pipa,5,6,Acropora verweyi,30-Oct-19,6.3,4.6,3.4,79,100,,25-Feb-20,6.5,4.2,3.2,70,95,,20-May-20,4.8,4.7,5,89,50,,7-Oct-20,5.7,3.6,6.5,114,35,
Depth gradient 2019 - 2020,Pilli Pipa,5,7,Acropora verweyi,30-Oct-19,8.4,4.5,3.3,100,100,,25-Feb-20,9.1,6.7,3.8,197,90,,20-May-20,9.6,7.1,3.6,216,90,,7-Oct-20,10.7,7.1,6.9,412,80,>1cm difference
Depth gradient 2019 - 2020,Pilli Pipa,5,8,Acropora verweyi,30-Oct-19,4.6,2.8,2.6,26,100,,25-Feb-20,4.6,2.7,2.2,22,90,,20-May-20,5,2.1,2.5,21,40,,7-Oct-20,2.5,1.9,2.4,9,40,
Depth gradient 2019 - 2020,Pilli Pipa,6,1,Acropora verweyi,30-Oct-19,7.4,3.5,2.4,51,100,,25-Feb-20,9.7,3.8,3.7,107,100,,20-May-20,11.5,4.8,4.1,179,80,,7-Oct-20,4.7,6.5,4.2,106,30,
Depth gradient 2019 - 2020,Pilli Pipa,6,2,Acropora verweyi,30-Oct-19,5.7,1.9,1.7,15,100,,25-Feb-20,7.7,3.1,2,39,100,,20-May-20,9,3.8,2.8,77,90,,7-Oct-20,6.4,4.3,3.5,76,30,
Depth gradient 2019 - 2020,Pilli Pipa,6,3,Acropora verweyi,30-Oct-19,5.2,3.7,3.7,56,100,Strange form,25-Feb-20,4.8,4.2,3.3,53,95,,20-May-20,5.4,3.9,3.8,63,90,,7-Oct-20,4.1,3.7,3.1,37,30,
Depth gradient 2019 - 2020,Pilli Pipa,6,4,Acropora verweyi,30-Oct-19,6.7,2.7,2.7,38,100,,25-Feb-20,6.8,3.3,3.4,60,90,,20-May-20,7.2,2.9,2.9,48,80,,7-Oct-20,2.5,2.7,1.8,10,10,
Depth gradient 2019 - 2020,Pilli Pipa,6,5,Acropora verweyi,30-Oct-19,6.4,2.1,1.2,14,100,,25-Feb-20,7.1,2.4,2.5,33,100,,20-May-20,8.5,2.6,1.9,34,90,,7-Oct-20,2.8,1.9,1.5,6,15,
Depth gradient 2019 - 2020,Pilli Pipa,6,6,Acropora verweyi,30-Oct-19,9.2,3.1,3.5,79,100,,25-Feb-20,11.1,4.1,3.9,139,90,,20-May-20,12.9,4.2,4.1,174,90,,7-Oct-20,7.5,5.1,5.1,153,40,
Depth gradient 2019 - 2020,Pilli Pipa,6,7,Acropora verweyi,30-Oct-19,6.3,1.9,1.5,14,100,,25-Feb-20,6.4,2.8,2.4,34,100,,20-May-20,7.8,3.7,2.5,59,90,,7-Oct-20,3.1,2.5,3,18,20,
Depth gradient 2019 - 2020,Pilli Pipa,6,8,Acropora verweyi,30-Oct-19,4.4,3.2,2.9,32,100,,25-Feb-20,6.2,4.3,3,65,100,,20-May-20,8.7,5,4,138,90,,7-Oct-20,11.4,5.9,5.4,286,75,
Depth gradient 2019 - 2020,Pilli Pipa,7,1,Acropora verweyi,30-Oct-19,6.3,1.8,1.3,12,100,,25-Feb-20,9.1,2.5,2.3,41,100,,20-May-20,10.4,2.9,3,71,100,,7-Oct-20,12,4.5,5.2,222,100,
Depth gradient 2019 - 2020,Pilli Pipa,7,2,Acropora verweyi,30-Oct-19,5,4.4,3.2,57,100,,25-Feb-20,6.3,5.2,3.3,89,95,,20-May-20,3.8,3.1,1.7,17,40,,7-Oct-20,,,,,0,Dead
Depth gradient 2019 - 2020,Pilli Pipa,7,3,Acropora verweyi,30-Oct-19,7.4,4.7,2.2,69,100,,25-Feb-20,9,5.2,3,119,100,,20-May-20,10.4,6.6,3.8,221,100,,7-Oct-20,11.6,8.1,4,333,100,One photo taken
Depth gradient 2019 - 2020,Pilli Pipa,7,4,Acropora verweyi,30-Oct-19,7.1,3.1,1.6,31,100,,25-Feb-20,8,3.6,2,49,100,,20-May-20,8.6,4,2.4,69,100,,7-Oct-20,,,,,0,Missing
Depth gradient 2019 - 2020,Pilli Pipa,7,5,Acropora verweyi,30-Oct-19,7,2.3,1.6,21,100,,25-Feb-20,8.4,2.3,2.8,43,100,,20-May-20,10.3,3.3,2.7,73,100,,7-Oct-20,11.6,4.3,5.7,228,100,
Depth gradient 2019 - 2020,Pilli Pipa,7,6,Acropora verweyi,30-Oct-19,7,1.7,1.2,12,100,,25-Feb-20,7.6,2,2.2,26,100,,20-May-20,8.8,2.5,2.3,40,100,,7-Oct-20,10.7,6.8,5.9,339,100,
Depth gradient 2019 - 2020,Pilli Pipa,7,7,Acropora verweyi,30-Oct-19,7.1,1.8,1.6,16,100,,25-Feb-20,6.8,1.4,1.8,14,50,,20-May-20,,,,,0,Dead,7-Oct-20,,,,,0,Dead
Depth gradient 2019 - 2020,Pilli Pipa,7,8,Acropora verweyi,30-Oct-19,5.5,1.7,1.6,12,100,,25-Feb-20,,,,,0,Dead,20-May-20,,,,,0,Dead,7-Oct-20,,,,,0,Dead
Depth gradient 2019 - 2020,Pilli Pipa,8,1,Acropora verweyi,30-Oct-19,5.2,1.7,1.8,13,100,,25-Feb-20,7.7,3.5,2.8,60,100,,20-May-20,8.3,4,3.2,84,100,,7-Oct-20,8.7,5.3,5.1,185,100,
Depth gradient 2019 - 2020,Pilli Pipa,8,2,Acropora verweyi,30-Oct-19,8.4,2.8,2.5,46,100,,25-Feb-20,11.5,3.5,4.5,145,90,,20-May-20,11.2,4.5,4,159,90,,7-Oct-20,14.7,5.7,7.5,503,100,
Depth gradient 2019 - 2020,Pilli Pipa,8,3,Acropora verweyi,30-Oct-19,7,6.5,3.5,137,100,,25-Feb-20,8,6.9,4.3,197,100,,20-May-20,7.1,6.3,4.3,157,80,,7-Oct-20,10,4.3,3.7,126,90,
Depth gradient 2019 - 2020,Pilli Pipa,8,4,Acropora verweyi,30-Oct-19,6.7,1.9,1.8,18,100,,25-Feb-20,7.8,3.1,2.2,43,90,,20-May-20,8.9,3.1,2.7,59,90,,7-Oct-20,8.5,6.5,4.5,202,50,
Depth gradient 2019 - 2020,Pilli Pipa,8,5,Acropora verweyi,30-Oct-19,6.4,2.3,2.1,24,100,,25-Feb-20,8.3,3.6,2.4,59,100,,20-May-20,,,,,0,Dead,7-Oct-20,,,,,0,Dead
Depth gradient 2019 - 2020,Pilli Pipa,8,6,Acropora verweyi,30-Oct-19,5.4,3.4,2.9,42,100,,25-Feb-20,6.5,5.3,2.8,84,90,,20-May-20,8.7,5.3,4.2,154,100,,7-Oct-20,12,5.3,4.3,217,100,
Depth gradient 2019 - 2020,Pilli Pipa,8,7,Acropora verweyi,30-Oct-19,5.6,2.3,2.5,25,100,,25-Feb-20,7,2.6,2.8,40,100,,20-May-20,8.1,3.7,3.5,82,100,,7-Oct-20,,,,,0,Dead
Depth gradient 2019 - 2020,Pilli Pipa,8,8,Acropora verweyi,30-Oct-19,7.8,2.8,2.2,38,100,,25-Feb-20,10.3,4.3,4.1,143,100,,20-May-20,11.2,5.3,4.3,203,100,>1cm Difference,7-Oct-20,12.3,7.9,5.5,434,90,
Depth gradient 2019 - 2020,Pilli Pipa,9,1,Acropora verweyi,30-Oct-19,6.5,2,1.6,17,100,,25-Feb-20,9.4,1.9,2.2,31,100,,20-May-20,7.8,3,2,38,100,,7-Oct-20,10.3,2.4,2.8,55,100,>1cm difference
Depth gradient 2019 - 2020,Pilli Pipa,9,2,Acropora verweyi,30-Oct-19,7.2,2.8,2.2,35,100,,25-Feb-20,9.6,2.3,2.9,51,95,,20-May-20,10,4,3.2,102,100,,7-Oct-20,12.3,5.5,4.1,223,100,
Depth gradient 2019 - 2020,Pilli Pipa,9,3,Acropora verweyi,30-Oct-19,6.2,3.1,2.6,40,100,,25-Feb-20,8,4.2,3.7,98,100,,20-May-20,8.8,5.3,3.6,137,100,,7-Oct-20,10,8.2,5.9,390,100,
Depth gradient 2019 - 2020,Pilli Pipa,9,4,Acropora verweyi,30-Oct-19,6.1,4.6,3.4,77,100,,25-Feb-20,7.1,4.6,3.1,83,70,,20-May-20,,,,,0,Missing,7-Oct-20,,,,,0,Missing
Depth gradient 2019 - 2020,Pilli Pipa,9,5,Acropora verweyi,30-Oct-19,6.5,2.4,2,25,100,,25-Feb-20,8.2,3.1,1.7,37,100,,20-May-20,7.8,3.3,2,43,100,,7-Oct-20,8.5,3.1,3.4,71,100,
Depth gradient 2019 - 2020,Pilli Pipa,9,6,Acropora verweyi,30-Oct-19,5.1,2.5,1.9,19,100,,25-Feb-20,7.7,2.7,2.4,39,100,,20-May-20,8.1,2.9,3.7,69,100,,7-Oct-20,,,,,0,Missing
Depth gradient 2019 - 2020,Pilli Pipa,9,7,Acropora verweyi,30-Oct-19,5,2.4,2.3,22,100,,25-Feb-20,4.7,4.2,2.2,38,100,,20-May-20,,,,,0,Dead,7-Oct-20,,,,,0,Dead
Depth gradient 2019 - 2020,Pilli Pipa,9,8,Acropora verweyi,30-Oct-19,5.4,2.3,1.3,14,100,,25-Feb-20,6.6,2.8,1.7,26,100,,20-May-20,6.9,2.2,3.1,38,100,,7-Oct-20,11.5,4.4,4.6,183,95,
Depth gradient 2019 - 2020,Pilli Pipa,10,1,Acropora verweyi,30-Oct-19,6.7,2.6,2.9,40,100,,25-Feb-20,7.3,3.4,1.4,33,100,,20-May-20,7.6,2.4,2.1,30,80,,7-Oct-20,2.4,2.8,2.2,12,10,
Depth gradient 2019 - 2020,Pilli Pipa,10,2,Acropora verweyi,30-Oct-19,6.6,2.8,2,30,100,,25-Feb-20,7.8,2.9,2.9,52,90,,20-May-20,2.9,3.1,2.1,15,10,,7-Oct-20,,,,,0,Dead
Depth gradient 2019 - 2020,Pilli Pipa,10,3,Acropora verweyi,30-Oct-19,7.6,3,2.2,40,100,,25-Feb-20,7.1,2.5,2.3,32,95,,20-May-20,1.8,1.9,1.8,5,10,,7-Oct-20,,,,,0,Dead
Depth gradient 2019 - 2020,Pilli Pipa,10,4,Acropora verweyi,30-Oct-19,7.8,5.4,3,108,100,,25-Feb-20,9,7.1,2.3,156,100,,20-May-20,9.3,5,2.5,103,70,,7-Oct-20,,,,,0,Dead
Depth gradient 2019 - 2020,Pilli Pipa,10,5,Acropora verweyi,30-Oct-19,7.6,2.1,2.3,29,100,,25-Feb-20,8.5,2.5,2,34,90,,20-May-20,,,,,0,Dead,7-Oct-20,,,,,0,Dead
Depth gradient 2019 - 2020,Pilli Pipa,10,6,Acropora verweyi,30-Oct-19,6.7,1.9,1.8,18,100,,25-Feb-20,7.4,1.9,2.4,27,95,,20-May-20,3.5,2,1.3,7,30,,7-Oct-20,,,,,0,Dead
Depth gradient 2019 - 2020,Pilli Pipa,10,7,Acropora verweyi,30-Oct-19,8.4,2.9,2.6,50,100,,25-Feb-20,9.2,3.6,3.8,99,100,,20-May-20,10.9,3.9,2.6,90,90,,7-Oct-20,,,,,0,Dead
Depth gradient 2019 - 2020,Pilli Pipa,10,8,Acropora verweyi,30-Oct-19,9.8,2.5,2.6,50,100,,25-Feb-20,10.4,3.5,3.3,94,100,,20-May-20,12,3.4,4,129,50,,7-Oct-20,,,,,0,Dead
Depth gradient 2019 - 2020,Pilli Pipa,1,1,Pocillopora verrucosa,30-Oct-19,3.7,2.7,2,16,100,,25-Feb-20,5.5,4,3.1,54,100,,20-May-20,7.3,6,4.6,161,100,Bleaching,7-Oct-20,7.8,5.6,5.2,179,100,
Depth gradient 2019 - 2020,Pilli Pipa,1,2,Pocillopora verrucosa,30-Oct-19,4.1,3.4,2.3,26,100,,25-Feb-20,5.8,3.6,2.8,47,100,,20-May-20,,,,,0,Dead,7-Oct-20,,,,,0,Dead
Depth gradient 2019 - 2020,Pilli Pipa,1,3,Pocillopora verrucosa,30-Oct-19,3.8,2.9,2.1,19,100,,25-Feb-20,5.6,5.1,3.5,81,100,,20-May-20,,,,,0,Dead,7-Oct-20,,,,,0,Dead
Depth gradient 2019 - 2020,Pilli Pipa,1,4,Pocillopora verrucosa,30-Oct-19,3.4,2.9,1.9,15,100,,25-Feb-20,5.2,4.3,3.6,64,100,,20-May-20,5.2,4.4,3.5,64,80,Bleaching,7-Oct-20,,,,,0,Dead
Depth gradient 2019 - 2020,Pilli Pipa,1,5,Pocillopora verrucosa,30-Oct-19,3.7,3.5,3.6,37,100,,25-Feb-20,5.7,5.2,4.2,99,100,,20-May-20,,,,,0,Dead,7-Oct-20,,,,,0,Dead
Depth gradient 2019 - 2020,Pilli Pipa,1,6,Pocillopora verrucosa,30-Oct-19,6.3,5.6,4.1,116,100,,25-Feb-20,7.5,7.6,5.1,238,100,,20-May-20,,,,,0,Dead,7-Oct-20,,,,,0,Dead
Depth gradient 2019 - 2020,Pilli Pipa,1,7,Pocillopora verrucosa,30-Oct-19,5.4,4.9,2.1,52,100,,25-Feb-20,6.8,4.4,4.7,111,100,,20-May-20,,,,,0,Dead,7-Oct-20,,,,,0,Dead
Depth gradient 2019 - 2020,Pilli Pipa,1,8,Pocillopora verrucosa,30-Oct-19,4.9,5.1,2.7,59,100,,25-Feb-20,7.4,6.9,4.3,182,100,,20-May-20,,,,,0,Dead,7-Oct-20,,,,,0,Dead
Depth gradient 2019 - 2020,Pilli Pipa,2,1,Pocillopora verrucosa,30-Oct-19,4.7,3,2.1,24,100,,25-Feb-20,5.9,3.9,3.3,60,100,,20-May-20,,,,,0,Dead,7-Oct-20,,,,,0,Dead
Depth gradient 2019 - 2020,Pilli Pipa,2,2,Pocillopora verrucosa,30-Oct-19,2.5,2.6,1.5,8,100,,25-Feb-20,3.8,3,2.2,20,100,,20-May-20,,,,,0,Dead,7-Oct-20,,,,,0,Dead
Depth gradient 2019 - 2020,Pilli Pipa,2,3,Pocillopora verrucosa,30-Oct-19,3.3,2.3,2.1,13,100,,25-Feb-20,4.5,3.5,2.2,29,100,Bleaching,20-May-20,,,,,0,Dead,7-Oct-20,,,,,0,Dead
Depth gradient 2019 - 2020,Pilli Pipa,2,4,Pocillopora verrucosa,30-Oct-19,2.7,2.3,2.2,11,100,,25-Feb-20,3.5,2.8,2.2,17,100,,20-May-20,,,,,0,Dead,7-Oct-20,,,,,0,Dead
Depth gradient 2019 - 2020,Pilli Pipa,2,5,Pocillopora verrucosa,30-Oct-19,3,2.7,2.3,15,100,,25-Feb-20,4.1,3,2.1,21,100,,20-May-20,,,,,0,Dead,7-Oct-20,,,,,0,Dead
Depth gradient 2019 - 2020,Pilli Pipa,2,6,Pocillopora verrucosa,30-Oct-19,3.8,3.4,2.4,25,100,,25-Feb-20,5,5.5,3.6,81,100,,20-May-20,6.6,6.5,4.6,160,100,Bleaching,7-Oct-20,7,6.9,6,229,100,
Depth gradient 2019 - 2020,Pilli Pipa,2,7,Pocillopora verrucosa,30-Oct-19,3.6,3,2.9,25,100,,25-Feb-20,3.7,3.3,3.1,30,100,,20-May-20,4.9,3.6,3.1,43,70,Bleaching,7-Oct-20,,,,,0,Dead
Depth gradient 2019 - 2020,Pilli Pipa,2,8,Pocillopora verrucosa,30-Oct-19,2.9,2.7,2.2,14,100,Bleached?,25-Feb-20,3.1,2.9,2.4,17,100,,20-May-20,3.7,3.4,2.9,29,100,Bleaching,7-Oct-20,4.4,4.5,4.8,75,100,
Depth gradient 2019 - 2020,Pilli Pipa,3,1,Pocillopora verrucosa,30-Oct-19,5.7,4.9,3.7,83,100,,25-Feb-20,6.7,5.4,4.5,129,100,,20-May-20,7.7,7.4,6.7,301,10,Bleaching,7-Oct-20,,,,,0,Dead
Depth gradient 2019 - 2020,Pilli Pipa,3,2,Pocillopora verrucosa,30-Oct-19,7.5,5.3,3.6,117,100,>2cm,25-Feb-20,7.9,5.2,4,131,100,,20-May-20,,,,,0,Dead,7-Oct-20,,,,,0,Dead
Depth gradient 2019 - 2020,Pilli Pipa,3,3,Pocillopora verrucosa,30-Oct-19,7.8,6.2,5,192,100,,25-Feb-20,7.9,5.8,5.9,212,100,,20-May-20,5.1,3.3,3.2,42,10,Bleaching,7-Oct-20,,,,,0,Dead
Depth gradient 2019 - 2020,Pilli Pipa,3,4,Pocillopora verrucosa,30-Oct-19,4.1,3.9,2.7,35,100,,25-Feb-20,5,5.5,2.9,69,100,>1cm Difference,20-May-20,,,,,0,Dead,7-Oct-20,,,,,0,Dead
Depth gradient 2019 - 2020,Pilli Pipa,3,5,Pocillopora verrucosa,30-Oct-19,5.4,3.7,3.1,49,100,,25-Feb-20,5.2,3.1,2.9,37,100,Bleaching,20-May-20,,,,,0,Dead,7-Oct-20,,,,,0,Dead
Depth gradient 2019 - 2020,Pilli Pipa,3,6,Pocillopora verrucosa,30-Oct-19,6.2,4.5,3.5,78,100,,25-Feb-20,7.9,5.9,5.4,198,100,,20-May-20,,,,,0,Dead,7-Oct-20,,,,,0,Dead
Depth gradient 2019 - 2020,Pilli Pipa,3,7,Pocillopora verrucosa,30-Oct-19,4.7,5.1,3.3,65,100,,25-Feb-20,6.1,4.1,5.7,115,100,,20-May-20,,,,,0,Dead,7-Oct-20,,,,,0,Dead
Depth gradient 2019 - 2020,Pilli Pipa,3,8,Pocillopora verrucosa,30-Oct-19,6.1,4.8,2.9,71,100,,25-Feb-20,5.5,4.3,4.1,76,100,,20-May-20,,,,,0,Dead,7-Oct-20,,,,,0,Dead
Depth gradient 2019 - 2020,Pilli Pipa,4,1,Pocillopora verrucosa,30-Oct-19,3.8,3.1,2.5,23,100,Unhealthy?,25-Feb-20,3.8,3.6,2.5,28,100,,20-May-20,,,,,0,Dead,7-Oct-20,,,,,0,Dead
Depth gradient 2019 - 2020,Pilli Pipa,4,2,Pocillopora verrucosa,30-Oct-19,4.2,3.5,2.5,30,100,,25-Feb-20,4.5,3.4,2.6,32,100,,20-May-20,4.5,3.6,2.7,35,90,Bleaching,7-Oct-20,,,,,0,Dead
Depth gradient 2019 - 2020,Pilli Pipa,4,3,Pocillopora verrucosa,30-Oct-19,4.6,3.6,3,39,100,,25-Feb-20,4.6,4.5,3.6,59,100,,20-May-20,,,,,0,Dead,7-Oct-20,,,,,0,Dead
Depth gradient 2019 - 2020,Pilli Pipa,4,4,Pocillopora verrucosa,30-Oct-19,4.7,4.3,3.7,59,100,,25-Feb-20,5.6,5.2,3.8,89,100,,20-May-20,6,4.7,3.9,87,80,Bleaching,7-Oct-20,,,,,0,Dead
Depth gradient 2019 - 2020,Pilli Pipa,4,5,Pocillopora verrucosa,30-Oct-19,4.3,2.8,2.4,23,100,,25-Feb-20,5.8,3.6,2.8,47,100,,20-May-20,,,,,0,Dead,7-Oct-20,,,,,0,Dead
Depth gradient 2019 - 2020,Pilli Pipa,4,6,Pocillopora verrucosa,30-Oct-19,3.4,4,2.5,28,100,,25-Feb-20,4,3.2,2.5,26,100,,20-May-20,,,,,0,Dead,7-Oct-20,,,,,0,Dead
Depth gradient 2019 - 2020,Pilli Pipa,4,7,Pocillopora verrucosa,30-Oct-19,3.1,4.1,2.6,27,100,,25-Feb-20,5.3,4.5,3.4,65,100,,20-May-20,,,,,0,Dead,7-Oct-20,,,,,0,Dead
Depth gradient 2019 - 2020,Pilli Pipa,4,8,Pocillopora verrucosa,30-Oct-19,3.3,3,2.8,22,100,,25-Feb-20,4.3,3.9,2.6,36,100,,20-May-20,,,,,0,Dead,7-Oct-20,,,,,0,Dead
Depth gradient 2019 - 2020,Pilli Pipa,5,1,Pocillopora verrucosa,30-Oct-19,6,6.1,3.6,111,100,,25-Feb-20,6.1,6.4,4.6,145,100,,20-May-20,6.7,5.9,5.1,159,100,Bleaching,7-Oct-20,,,,,0,Dead
Depth gradient 2019 - 2020,Pilli Pipa,5,2,Pocillopora verrucosa,30-Oct-19,6.9,6.4,3.7,138,100,,25-Feb-20,6,5.9,3.8,111,90,,20-May-20,,,,,0,Dead,7-Oct-20,,,,,0,Dead
Depth gradient 2019 - 2020,Pilli Pipa,5,3,Pocillopora verrucosa,30-Oct-19,8.5,4.5,4.3,129,100,,25-Feb-20,9.4,5.7,6,253,100,,20-May-20,10.3,6.6,6.6,352,10,Bleaching; deadish,7-Oct-20,,,,,0,Dead
Depth gradient 2019 - 2020,Pilli Pipa,5,4,Pocillopora verrucosa,30-Oct-19,6.7,4.6,3.7,91,100,,25-Feb-20,6.7,5.2,4.1,114,100,,20-May-20,7.8,5.8,4.9,175,90,Bleaching,7-Oct-20,,,,,0,Dead
Depth gradient 2019 - 2020,Pilli Pipa,5,5,Pocillopora verrucosa,30-Oct-19,7.4,6.4,3.9,154,100,,25-Feb-20,9.5,8,5.8,355,100,,20-May-20,8.8,7.2,7,348,100,Bleaching,7-Oct-20,8.7,8.5,9.2,535,100,
Depth gradient 2019 - 2020,Pilli Pipa,5,6,Pocillopora verrucosa,30-Oct-19,6.7,4.1,2.6,59,100,,25-Feb-20,7.5,5.2,3.9,122,100,,20-May-20,8.6,6.1,4.6,193,100,Bleaching,7-Oct-20,10.4,7.9,6,395,100,
Depth gradient 2019 - 2020,Pilli Pipa,5,7,Pocillopora verrucosa,30-Oct-19,5.7,4.3,3.5,68,100,,25-Feb-20,7.8,7,4.9,217,100,,20-May-20,8.5,6.3,4.6,198,100,Bleaching,7-Oct-20,7.9,8.3,7.7,397,100,
Depth gradient 2019 - 2020,Pilli Pipa,5,8,Pocillopora verrucosa,30-Oct-19,6.9,6,4.6,152,100,,25-Feb-20,7.3,6.5,5.2,196,100,,20-May-20,6.4,4.8,4.5,109,80,,7-Oct-20,,,,,0,Dead
Depth gradient 2019 - 2020,Pilli Pipa,6,1,Pocillopora verrucosa,30-Oct-19,3.6,3.1,2.1,19,100,,25-Feb-20,4.7,3,3,33,100,,20-May-20,5.1,3.4,3,41,100,Bleaching,7-Oct-20,4.3,3.8,3.5,45,90,
Depth gradient 2019 - 2020,Pilli Pipa,6,2,Pocillopora verrucosa,30-Oct-19,3.9,3,1.9,18,100,,25-Feb-20,4.5,3.4,1.5,21,100,,20-May-20,5,4,1.9,34,100,Bleaching,7-Oct-20,,,,,0,Dead
Depth gradient 2019 - 2020,Pilli Pipa,6,3,Pocillopora verrucosa,30-Oct-19,1.8,2,1.5,4,100,,25-Feb-20,2.6,2.4,2.1,10,100,,20-May-20,3.5,2.8,2.1,17,100,Bleaching,7-Oct-20,,,,,0,Dead
Depth gradient 2019 - 2020,Pilli Pipa,6,4,Pocillopora verrucosa,30-Oct-19,,,,,,Missing,25-Feb-20,6.2,4,4.2,82,100,,20-May-20,7,4.7,3.5,92,100,Bleaching,7-Oct-20,,,,,0,Dead
Depth gradient 2019 - 2020,Pilli Pipa,6,5,Pocillopora verrucosa,30-Oct-19,4.1,3.6,2.3,28,100,,25-Feb-20,4.9,3.3,2.8,36,100,,20-May-20,5.1,3.9,3.2,50,100,Bleaching,7-Oct-20,,,,,0,Dead
Depth gradient 2019 - 2020,Pilli Pipa,6,6,Pocillopora verrucosa,30-Oct-19,5,4.3,3.7,63,100,,25-Feb-20,6.5,4.4,3.3,76,100,,20-May-20,6.6,4.4,3.4,79,80,Bleaching,7-Oct-20,,,,,0,Dead
Depth gradient 2019 - 2020,Pilli Pipa,6,7,Pocillopora verrucosa,30-Oct-19,6.1,4.4,4.7,99,100,,25-Feb-20,6.7,6.5,4.6,162,100,,20-May-20,7.6,7.8,4.2,215,80,Bleaching,7-Oct-20,,,,,0,Dead
Depth gradient 2019 - 2020,Pilli Pipa,6,8,Pocillopora verrucosa,30-Oct-19,5.4,3.9,4,66,100,,25-Feb-20,7.5,6.2,5,185,100,,20-May-20,7.6,6.6,5.1,204,10,Bleaching; deadish,7-Oct-20,,,,,0,Dead
Depth gradient 2019 - 2020,Pilli Pipa,7,1,Pocillopora verrucosa,30-Oct-19,4.6,4.9,3.6,65,100,,25-Feb-20,6.4,4.1,3.2,67,100,,20-May-20,6.9,4.4,3.1,76,100,Bleaching,7-Oct-20,,,,,0,Dead
Depth gradient 2019 - 2020,Pilli Pipa,7,2,Pocillopora verrucosa,30-Oct-19,5.6,3.5,3.6,55,100,,25-Feb-20,5.3,3.9,4,65,100,,20-May-20,5.4,4.7,4.2,84,90,Bleaching,7-Oct-20,,,,,0,Missing
Depth gradient 2019 - 2020,Pilli Pipa,7,3,Pocillopora verrucosa,30-Oct-19,4.2,4.2,3.6,50,100,,25-Feb-20,4.5,4.2,3.7,55,100,,20-May-20,4.8,4,3.3,50,100,Bleaching,7-Oct-20,4.7,4.6,3.4,59,100,
Depth gradient 2019 - 2020,Pilli Pipa,7,4,Pocillopora verrucosa,30-Oct-19,4.4,3.2,3.2,35,100,,25-Feb-20,4.3,3.1,2.8,29,100,,20-May-20,4.2,3.4,2.7,31,100,Bleaching,7-Oct-20,4.6,4.1,4.3,64,100,
Depth gradient 2019 - 2020,Pilli Pipa,7,5,Pocillopora verrucosa,30-Oct-19,6,5.1,3.5,87,100,,25-Feb-20,6.3,4.8,3.6,87,100,,20-May-20,7.8,5.8,3.5,132,100,Bleaching,7-Oct-20,7,5.6,4.6,143,95,
Depth gradient 2019 - 2020,Pilli Pipa,7,6,Pocillopora verrucosa,30-Oct-19,7.8,4.9,5,150,100,,25-Feb-20,7.3,4.9,4.2,119,100,,20-May-20,8.4,5.2,5,172,100,Bleaching,7-Oct-20,,,,,0,Dead
Depth gradient 2019 - 2020,Pilli Pipa,7,7,Pocillopora verrucosa,30-Oct-19,5.8,5.1,5.7,133,100,,25-Feb-20,5,4.7,4.6,85,90,,20-May-20,5.9,5.4,5.1,128,90,Bleaching,7-Oct-20,,,,,0,Dead
Depth gradient 2019 - 2020,Pilli Pipa,7,8,Pocillopora verrucosa,30-Oct-19,5,5.5,4,89,100,,25-Feb-20,,,,,0,Missing,20-May-20,,,,,0,Missing,7-Oct-20,,,,,0,Missing
Depth gradient 2019 - 2020,Pilli Pipa,8,1,Pocillopora verrucosa,30-Oct-19,5.9,4.4,4.3,88,100,,25-Feb-20,7.6,6.5,5.3,208,100,,20-May-20,8.3,6.2,6,243,100,"Bleaching, >1cm Difference",7-Oct-20,7.5,6.6,5.2,205,100,
Depth gradient 2019 - 2020,Pilli Pipa,8,2,Pocillopora verrucosa,30-Oct-19,3.4,3.2,2.6,22,100,,25-Feb-20,3.5,3.7,2.9,30,100,,20-May-20,,,,,0,Dead,7-Oct-20,,,,,0,Dead
Depth gradient 2019 - 2020,Pilli Pipa,8,3,Pocillopora verrucosa,30-Oct-19,3.7,2.8,2.4,20,100,,25-Feb-20,3.7,3.3,2.8,27,100,,20-May-20,3.9,2.9,3.1,28,100,Bleaching,7-Oct-20,4.7,3.2,3.4,40,100,
Depth gradient 2019 - 2020,Pilli Pipa,8,4,Pocillopora verrucosa,30-Oct-19,4.1,3.7,2.3,29,100,,25-Feb-20,4.3,3.5,2.5,30,100,,20-May-20,5.2,4.1,2.7,47,100,Bleaching,7-Oct-20,4.9,3.4,3.7,49,100,
Depth gradient 2019 - 2020,Pilli Pipa,8,5,Pocillopora verrucosa,30-Oct-19,3.3,3.4,2.2,20,100,,25-Feb-20,4.2,4.7,2.4,42,100,,20-May-20,4.9,4.4,2.3,43,100,Bleaching,7-Oct-20,7.4,6.1,3.5,134,100,
Depth gradient 2019 - 2020,Pilli Pipa,8,6,Pocillopora verrucosa,30-Oct-19,3.1,3.6,2.8,25,100,,25-Feb-20,3.5,2.6,2.5,18,100,,20-May-20,3.8,2.7,2.9,23,90,Bleaching,7-Oct-20,4.7,4.3,2.9,48,100,
Depth gradient 2019 - 2020,Pilli Pipa,8,7,Pocillopora verrucosa,30-Oct-19,3.3,3.4,2.5,23,100,,25-Feb-20,3.4,4,3.1,34,100,,20-May-20,4.8,2.9,3.1,34,100,Bleaching,7-Oct-20,5.5,3.5,4,61,100,
Depth gradient 2019 - 2020,Pilli Pipa,8,8,Pocillopora verrucosa,30-Oct-19,4.9,2.8,3.2,35,100,,25-Feb-20,4.9,5.3,3.2,70,100,,20-May-20,5.2,4.1,2.5,44,100,Bleaching. ,7-Oct-20,7,6.1,5.6,188,100,
Depth gradient 2019 - 2020,Pilli Pipa,9,1,Pocillopora verrucosa,30-Oct-19,4.3,4.1,2.8,40,100,,25-Feb-20,4.1,4.2,2.6,37,80,,20-May-20,,,,,0,Dead,7-Oct-20,,,,,0,Dead
Depth gradient 2019 - 2020,Pilli Pipa,9,2,Pocillopora verrucosa,30-Oct-19,4.2,4.9,2.3,43,100,,25-Feb-20,4.7,3.8,3.4,48,100,,20-May-20,4.4,3.2,2.9,32,100,Bleaching,7-Oct-20,5.1,4,3.7,59,100,
Depth gradient 2019 - 2020,Pilli Pipa,9,3,Pocillopora verrucosa,30-Oct-19,3.7,2.8,2.6,21,100,,25-Feb-20,3.8,2.8,3.2,27,100,,20-May-20,3.5,2.8,2.7,21,100,Bleaching,7-Oct-20,4.4,3.2,2.7,30,100,
Depth gradient 2019 - 2020,Pilli Pipa,9,4,Pocillopora verrucosa,30-Oct-19,5,4.5,3,55,100,,25-Feb-20,6.7,5.6,4.4,132,100,,20-May-20,6.8,5.6,4.1,126,100,Bleaching,7-Oct-20,8,7.5,5.1,249,100,
Depth gradient 2019 - 2020,Pilli Pipa,9,5,Pocillopora verrucosa,30-Oct-19,3.2,3.5,2,19,100,,25-Feb-20,4.2,3.5,2.1,26,100,,20-May-20,4.4,3.4,2.3,28,100,Bleaching,7-Oct-20,4.7,4.1,3.3,51,100,
Depth gradient 2019 - 2020,Pilli Pipa,9,6,Pocillopora verrucosa,30-Oct-19,4.4,2.6,2.4,22,100,,25-Feb-20,4.5,3.3,2.7,32,100,,20-May-20,4.5,3.3,2.3,28,100,Bleaching,7-Oct-20,5.1,3.8,4.4,67,100,
Depth gradient 2019 - 2020,Pilli Pipa,9,7,Pocillopora verrucosa,30-Oct-19,4.3,3.8,3,39,100,,25-Feb-20,4.9,5.4,3.1,70,100,,20-May-20,5.8,5.2,3.4,84,90,Bleaching,7-Oct-20,,,,,0,Dead
Depth gradient 2019 - 2020,Pilli Pipa,9,8,Pocillopora verrucosa,30-Oct-19,5.2,3.6,2.9,43,100,,25-Feb-20,6.2,4.7,4,92,100,,20-May-20,5.7,4.4,3.4,68,100,Bleaching,7-Oct-20,5.9,4.8,3.3,76,60,
Depth gradient 2019 - 2020,Pilli Pipa,10,1,Pocillopora verrucosa,30-Oct-19,4.6,3.6,3.2,42,100,,25-Feb-20,4.5,4,2.9,42,100,,20-May-20,4.9,3.8,2.7,41,100,Bleaching,7-Oct-20,4.7,1.9,1.9,13,70,
Depth gradient 2019 - 2020,Pilli Pipa,10,2,Pocillopora verrucosa,30-Oct-19,3.4,2.6,3.1,22,100,,25-Feb-20,5,3.6,3.3,47,100,,20-May-20,4.8,3.4,2.8,36,100,Bleaching,7-Oct-20,6,4.1,3.8,74,100,
Depth gradient 2019 - 2020,Pilli Pipa,10,3,Pocillopora verrucosa,30-Oct-19,3.9,3.7,2.8,32,100,,25-Feb-20,4.3,3.8,3.1,40,100,,20-May-20,3.9,3.4,3.4,35,100,Bleaching,7-Oct-20,4.7,3.7,3.3,45,100,
Depth gradient 2019 - 2020,Pilli Pipa,10,4,Pocillopora verrucosa,30-Oct-19,4,3.7,3.7,43,100,,25-Feb-20,4.2,3.9,3.1,40,90,,20-May-20,,,,,0,Dead,7-Oct-20,,,,,0,Dead
Depth gradient 2019 - 2020,Pilli Pipa,10,5,Pocillopora verrucosa,30-Oct-19,4.1,3.6,2.8,33,100,,25-Feb-20,6.2,5.4,3.5,96,100,,20-May-20,5.9,5,4.4,102,100,Bleaching,7-Oct-20,7.4,5.6,6.8,223,100,
Depth gradient 2019 - 2020,Pilli Pipa,10,6,Pocillopora verrucosa,30-Oct-19,5.3,3.8,3.3,52,100,,25-Feb-20,7.4,5.7,4.1,140,100,,20-May-20,7.3,5.1,4.3,127,100,Bleaching,7-Oct-20,8.2,6.8,6,264,100,
Depth gradient 2019 - 2020,Pilli Pipa,10,7,Pocillopora verrucosa,30-Oct-19,6.2,3.9,3.9,74,100,,25-Feb-20,6.6,4.7,3.2,81,100,,20-May-20,6.5,4.8,3,78,90,Bleaching,7-Oct-20,6.9,2.3,3.2,41,80,
Depth gradient 2019 - 2020,Pilli Pipa,10,8,Pocillopora verrucosa,30-Oct-19,5,3.4,2.9,39,100,,25-Feb-20,5.2,3.5,3.4,49,100,,20-May-20,4.9,1.9,3.4,27,40,Bleaching,7-Oct-20,,,,,0,Dead
Depth gradient 2019 - 2020,Pilli Pipa,1,1,Porites cylindrica,30-Oct-19,4.8,5.5,3.2,71,90,,25-Feb-20,5.6,5.2,3.4,81,100,,20-May-20,6.7,5.2,2.8,84,60,Bleaching,7-Oct-20,,,,,0,Dead
Depth gradient 2019 - 2020,Pilli Pipa,1,2,Porites cylindrica,30-Oct-19,5,4.6,3.5,64,100,,25-Feb-20,5.7,5.4,3,79,90,,20-May-20,4.3,3.9,2.6,36,60,Bleaching,7-Oct-20,,,,,0,Dead
Depth gradient 2019 - 2020,Pilli Pipa,1,3,Porites cylindrica,30-Oct-19,5.8,3.5,2.4,40,100,,25-Feb-20,6.1,4.5,2.9,66,100,,20-May-20,4.2,3.1,1.4,17,50,Bleaching,7-Oct-20,,,,,0,Dead
Depth gradient 2019 - 2020,Pilli Pipa,1,4,Porites cylindrica,30-Oct-19,6.9,4.2,4.2,96,90,,25-Feb-20,5.9,3.9,3.8,69,90,,20-May-20,3.4,3,0.6,9,30,Bleaching,7-Oct-20,,,,,0,Dead
Depth gradient 2019 - 2020,Pilli Pipa,1,5,Porites cylindrica,30-Oct-19,4.6,3.3,5,62,60,Measured largest continuous part,25-Feb-20,4.7,1.3,1.7,8,90,,20-May-20,2.4,1.6,1.2,4,20,Bleaching,7-Oct-20,,,,,0,Dead
Depth gradient 2019 - 2020,Pilli Pipa,1,6,Porites cylindrica,30-Oct-19,4.8,4.6,1.5,35,90,,25-Feb-20,3.4,2.4,0.7,6,10,,20-May-20,,,,,0,Dead,7-Oct-20,,,,,0,Dead
Depth gradient 2019 - 2020,Pilli Pipa,1,7,Porites cylindrica,30-Oct-19,5.6,4.8,3.4,74,100,,25-Feb-20,5.6,5.1,3.4,79,100,,20-May-20,,,,,0,Dead,7-Oct-20,,,,,0,Dead
Depth gradient 2019 - 2020,Pilli Pipa,1,8,Porites cylindrica,30-Oct-19,4.6,3.2,1.7,22,80,,25-Feb-20,5.5,2.2,1.8,17,80,,20-May-20,1.8,1.5,1.2,3,10,Bleaching,7-Oct-20,,,,,0,Dead
Depth gradient 2019 - 2020,Pilli Pipa,2,1,Porites cylindrica,30-Oct-19,6.1,2.7,5.1,73,80,,25-Feb-20,7.1,6.1,3.6,131,100,,20-May-20,,,,,0,Dead,7-Oct-20,,,,,0,Dead
Depth gradient 2019 - 2020,Pilli Pipa,2,2,Porites cylindrica,30-Oct-19,5.8,3.5,2.6,42,100,,25-Feb-20,5.2,3.8,3.6,56,90,,20-May-20,,,,,0,Dead,7-Oct-20,,,,,0,Dead
Depth gradient 2019 - 2020,Pilli Pipa,2,3,Porites cylindrica,30-Oct-19,7.4,3.8,3.9,86,90,,25-Feb-20,,,,,0,Missing,20-May-20,,,,,0,Missing,7-Oct-20,,,,,0,Missing
Depth gradient 2019 - 2020,Pilli Pipa,2,4,Porites cylindrica,30-Oct-19,4.3,4.7,5.4,86,60,Measured largest continuous part,25-Feb-20,,,,,0,Dead,20-May-20,,,,,0,Dead,7-Oct-20,,,,,0,Dead
Depth gradient 2019 - 2020,Pilli Pipa,2,5,Porites cylindrica,30-Oct-19,4.9,4.7,1.4,36,100,,25-Feb-20,5.3,3.4,2.1,31,100,,20-May-20,,,,,0,Dead,7-Oct-20,,,,,0,Dead
Depth gradient 2019 - 2020,Pilli Pipa,2,6,Porites cylindrica,30-Oct-19,5,4.9,3.3,66,100,,25-Feb-20,4.9,4,2.2,37,90,,20-May-20,,,,,0,Dead,7-Oct-20,,,,,0,Dead
Depth gradient 2019 - 2020,Pilli Pipa,2,7,Porites cylindrica,30-Oct-19,,,,,0,Missing,25-Feb-20,,,,,0,Missing,20-May-20,,,,,0,Missing,7-Oct-20,,,,,0,Missing
Depth gradient 2019 - 2020,Pilli Pipa,2,8,Porites cylindrica,30-Oct-19,5.4,1.9,1.7,14,70,,25-Feb-20,4.8,2.7,1.7,18,90,,20-May-20,,,,,0,Dead,7-Oct-20,,,,,0,Dead
Depth gradient 2019 - 2020,Pilli Pipa,3,1,Porites cylindrica,30-Oct-19,5.8,5,3.9,90,100,,25-Feb-20,6.5,5.6,4.4,128,95,,20-May-20,4.7,7.3,4,118,70,Bleaching,7-Oct-20,3.9,5.2,2.6,47,20,
Depth gradient 2019 - 2020,Pilli Pipa,3,2,Porites cylindrica,30-Oct-19,4.7,5.6,3.5,76,100,,25-Feb-20,6.8,4.3,4,92,90,,20-May-20,,,,,0,Dead,7-Oct-20,,,,,0,Dead
Depth gradient 2019 - 2020,Pilli Pipa,3,3,Porites cylindrica,30-Oct-19,8.4,4.8,2.7,93,100,,25-Feb-20,8.9,4.6,2.9,98,100,,20-May-20,10.3,5.9,3.5,179,100,,7-Oct-20,10.1,7.5,3.3,231,40,>1cm Diference
Depth gradient 2019 - 2020,Pilli Pipa,3,4,Porites cylindrica,30-Oct-19,6.2,2.9,2.1,30,100,,25-Feb-20,6.8,3.2,1.9,35,80,,20-May-20,4.2,2.9,2.1,21,60,Bleaching,7-Oct-20,5.2,1.3,2,11,50,>1cm Diference
Depth gradient 2019 - 2020,Pilli Pipa,3,5,Porites cylindrica,30-Oct-19,3.6,4.5,1,21,40,,25-Feb-20,1.1,0.7,0.8,0,5,,20-May-20,,,,,0,Dead,7-Oct-20,,,,,0,Dead
Depth gradient 2019 - 2020,Pilli Pipa,3,6,Porites cylindrica,30-Oct-19,6.2,2.8,1.3,20,70,,25-Feb-20,4.5,3.3,1.7,22,70,,20-May-20,4.5,3.7,2.1,30,90,Bleaching,7-Oct-20,,,,,0,Dead
Depth gradient 2019 - 2020,Pilli Pipa,3,7,Porites cylindrica,30-Oct-19,6.2,1.5,1.7,12,100,,25-Feb-20,6,2.2,1.8,19,90,,20-May-20,5.4,2.5,1.8,20,90,Bleaching,7-Oct-20,5.4,1.9,1.5,12,30,>1cm Diference
Depth gradient 2019 - 2020,Pilli Pipa,3,8,Porites cylindrica,30-Oct-19,5.3,3.5,2,31,100,,25-Feb-20,4.6,3.8,1.6,26,95,,20-May-20,,,,,0,Dead,7-Oct-20,,,,,0,Dead
Depth gradient 2019 - 2020,Pilli Pipa,4,1,Porites cylindrica,30-Oct-19,5,3.3,1.3,21,100,,25-Feb-20,6.3,5.2,2.2,68,95,,20-May-20,6.9,4.4,1.9,54,100,"Bleaching, >1cm Difference",7-Oct-20,2.7,0.8,0.6,1,10,
Depth gradient 2019 - 2020,Pilli Pipa,4,2,Porites cylindrica,30-Oct-19,7.4,4.8,3,88,100,,25-Feb-20,8,6.8,3.2,157,100,,20-May-20,7.9,5.9,2.3,104,90,Bleaching,7-Oct-20,,,,,0,Dead
Depth gradient 2019 - 2020,Pilli Pipa,4,3,Porites cylindrica,30-Oct-19,,,,,0,Missing,25-Feb-20,,,,,0,Missing,20-May-20,,,,,0,Missing,7-Oct-20,,,,,0,Missing
Depth gradient 2019 - 2020,Pilli Pipa,4,4,Porites cylindrica,30-Oct-19,6.3,5.1,4.4,112,100,,25-Feb-20,7.5,7,3.9,175,100,,20-May-20,7.8,6.7,6.3,259,100,Bleaching,7-Oct-20,1.8,2.7,0.9,5,10,
Depth gradient 2019 - 2020,Pilli Pipa,4,5,Porites cylindrica,30-Oct-19,5.9,2.9,3.5,47,70,,25-Feb-20,2.8,0.9,0.7,1,10,,20-May-20,,,,,0,Dead,7-Oct-20,,,,,0,Dead
Depth gradient 2019 - 2020,Pilli Pipa,4,6,Porites cylindrica,30-Oct-19,6.6,4.1,2.8,62,100,,25-Feb-20,6.5,4.1,2.4,54,100,,20-May-20,,,,,0,Dead,7-Oct-20,,,,,0,Dead
Depth gradient 2019 - 2020,Pilli Pipa,4,7,Porites cylindrica,30-Oct-19,6.7,6.6,4.2,153,100,,25-Feb-20,5.7,5.5,3.7,95,90,,20-May-20,,,,,0,Dead,7-Oct-20,,,,,0,Dead
Depth gradient 2019 - 2020,Pilli Pipa,4,8,Porites cylindrica,30-Oct-19,7.5,4.9,2.4,78,100,,25-Feb-20,7.5,5.5,2.4,92,100,,20-May-20,,,,,0,Dead,7-Oct-20,,,,,0,Dead
Depth gradient 2019 - 2020,Pilli Pipa,5,1,Porites cylindrica,30-Oct-19,4.3,4.2,3,44,70,,25-Feb-20,6.3,5.5,5.2,142,90,,20-May-20,6.8,5.8,5.3,165,100,Bleaching,7-Oct-20,2.2,1,1.1,2,10,
Depth gradient 2019 - 2020,Pilli Pipa,5,2,Porites cylindrica,30-Oct-19,6,4,2.4,48,100,,25-Feb-20,6.5,5.2,2,66,90,,20-May-20,,,,,0,Dead,7-Oct-20,,,,,0,Dead
Depth gradient 2019 - 2020,Pilli Pipa,5,3,Porites cylindrica,30-Oct-19,7.5,1.8,3.4,40,100,,25-Feb-20,7.8,4.6,3,88,95,,20-May-20,,,,,0,Dead,7-Oct-20,,,,,0,Dead
Depth gradient 2019 - 2020,Pilli Pipa,5,4,Porites cylindrica,30-Oct-19,5.5,3.1,2,28,100,,25-Feb-20,,,,,0,Dead,20-May-20,,,,,0,Dead,7-Oct-20,,,,,0,Dead
Depth gradient 2019 - 2020,Pilli Pipa,5,5,Porites cylindrica,30-Oct-19,4.7,3,1.4,18,100,,25-Feb-20,6.2,3.7,1.8,37,100,,20-May-20,,,,,0,Dead,7-Oct-20,,,,,0,Dead
Depth gradient 2019 - 2020,Pilli Pipa,5,6,Porites cylindrica,30-Oct-19,4.1,3.6,2.3,28,100,,25-Feb-20,4.8,4.3,1.7,34,90,,20-May-20,6.7,3.9,1.9,44,100,Bleaching,7-Oct-20,,,,,0,Dead
Depth gradient 2019 - 2020,Pilli Pipa,5,7,Porites cylindrica,30-Oct-19,7.1,5.3,2.4,83,100,,25-Feb-20,7.6,5.6,2.5,98,90,,20-May-20,7.6,6.5,3.3,143,100,Bleaching,7-Oct-20,2.5,2.2,1.5,7,10,
Depth gradient 2019 - 2020,Pilli Pipa,5,8,Porites cylindrica,30-Oct-19,,,,,0,Missing,25-Feb-20,,,,,0,Missing,20-May-20,,,,,0,Missing,7-Oct-20,,,,,0,Missing
Depth gradient 2019 - 2020,Pilli Pipa,6,1,Porites cylindrica,30-Oct-19,,,,58,100,Missingpic EV=average,25-Feb-20,8.1,5.5,2.3,97,100,,20-May-20,9,5.5,1.9,97,60,Bleaching,7-Oct-20,,,,,0,Dead
Depth gradient 2019 - 2020,Pilli Pipa,6,2,Porites cylindrica,30-Oct-19,,,,58,100,Missingpic EV=average,25-Feb-20,6.6,5.4,2.7,85,90,,20-May-20,,,,,0,Dead,7-Oct-20,,,,,0,Dead
Depth gradient 2019 - 2020,Pilli Pipa,6,3,Porites cylindrica,30-Oct-19,,,,58,100,Missingpic EV=average,25-Feb-20,6.5,4.8,3.9,97,90,,20-May-20,4.9,2.9,3.8,43,70,,7-Oct-20,2.6,2.7,2.2,12,10,
Depth gradient 2019 - 2020,Pilli Pipa,6,4,Porites cylindrica,30-Oct-19,,,,58,100,Missingpic EV=average,25-Feb-20,6.7,5.6,1.9,74,100,,20-May-20,7.3,4.8,2.4,74,90,Bleaching,7-Oct-20,2.9,1.7,0.5,3,10,
Depth gradient 2019 - 2020,Pilli Pipa,6,5,Porites cylindrica,30-Oct-19,,,,58,100,Missingpic EV=average,25-Feb-20,7,5.2,4.4,127,100,,20-May-20,2.7,3.5,2.7,20,30,Bleaching,7-Oct-20,,,,,0,Dead
Depth gradient 2019 - 2020,Pilli Pipa,6,6,Porites cylindrica,30-Oct-19,,,,58,100,Missingpic EV=average,25-Feb-20,4.4,5.3,2.5,53,90,,20-May-20,3.8,2.3,2.5,17,50,Bleaching,7-Oct-20,,,,,0,Dead
Depth gradient 2019 - 2020,Pilli Pipa,6,7,Porites cylindrica,30-Oct-19,,,,58,100,Missingpic EV=average,25-Feb-20,4.1,2.3,1.3,10,30,,20-May-20,,,,,0,Dead,7-Oct-20,,,,,0,Dead
Depth gradient 2019 - 2020,Pilli Pipa,6,8,Porites cylindrica,30-Oct-19,,,,58,100,Missingpic EV=average,25-Feb-20,,,,,0,Dead,20-May-20,,,,,0,Dead,7-Oct-20,,,,,0,Dead
Depth gradient 2019 - 2020,Pilli Pipa,7,1,Porites cylindrica,30-Oct-19,,,,,0,Missing,25-Feb-20,,,,,0,Missing,20-May-20,,,,,0,Missing,7-Oct-20,,,,,0,Missing
Depth gradient 2019 - 2020,Pilli Pipa,7,2,Porites cylindrica,30-Oct-19,6.6,2.8,2.5,36,100,,25-Feb-20,7,4.8,2.9,81,90,,20-May-20,,,,,0,Dead,7-Oct-20,,,,,0,Dead
Depth gradient 2019 - 2020,Pilli Pipa,7,3,Porites cylindrica,30-Oct-19,8.1,4.1,1.7,54,100,,25-Feb-20,8.5,4.9,1.9,77,100,,20-May-20,8.7,5.9,2.2,112,90,,7-Oct-20,2.5,1.6,1.4,4,30,
Depth gradient 2019 - 2020,Pilli Pipa,7,4,Porites cylindrica,30-Oct-19,6.9,3.6,1.7,38,100,,25-Feb-20,8.6,5,2.2,88,100,,20-May-20,9.7,5.2,2.6,116,100,Bleaching,7-Oct-20,6.7,4,2.7,59,70,
Depth gradient 2019 - 2020,Pilli Pipa,7,5,Porites cylindrica,30-Oct-19,7,2.5,2.6,36,100,,25-Feb-20,3.9,1,1.1,3,60,,20-May-20,,,,,0,Dead,7-Oct-20,,,,,0,Dead
Depth gradient 2019 - 2020,Pilli Pipa,7,6,Porites cylindrica,30-Oct-19,6.6,2.2,1.6,19,100,,25-Feb-20,7.8,2.6,1.7,28,70,,20-May-20,8.5,2.7,1.9,35,90,Bleaching,7-Oct-20,3.8,3,1.8,17,30,
Depth gradient 2019 - 2020,Pilli Pipa,7,7,Porites cylindrica,30-Oct-19,6.4,4.6,2.3,60,100,,25-Feb-20,5.6,5.4,2.5,69,100,,20-May-20,6.9,6.9,3.6,149,100,Bleaching,7-Oct-20,8.1,6.9,5,225,80,
Depth gradient 2019 - 2020,Pilli Pipa,7,8,Porites cylindrica,30-Oct-19,6.9,5.1,4.5,125,100,,25-Feb-20,6.6,7.2,5,193,90,,20-May-20,9.1,7.3,6.1,321,100,Bleaching,7-Oct-20,5.8,4.5,7.8,172,70,
Depth gradient 2019 - 2020,Pilli Pipa,8,1,Porites cylindrica,30-Oct-19,6.9,4.8,3.7,98,100,,25-Feb-20,7.2,6.7,5.2,200,95,,20-May-20,,,,,0,Dead,7-Oct-20,,,,,0,Dead
Depth gradient 2019 - 2020,Pilli Pipa,8,2,Porites cylindrica,30-Oct-19,6.9,5.5,2.2,80,100,,25-Feb-20,7.9,7.9,2.8,178,95,,20-May-20,,,,,0,Dead,7-Oct-20,,,,,0,Dead
Depth gradient 2019 - 2020,Pilli Pipa,8,3,Porites cylindrica,30-Oct-19,5.6,5.1,1.3,45,100,,25-Feb-20,6.2,5.7,1.3,60,95,,20-May-20,1.9,1,0.2,1,10,Bleaching,7-Oct-20,,,,,0,Dead
Depth gradient 2019 - 2020,Pilli Pipa,8,4,Porites cylindrica,30-Oct-19,5.9,1.7,1.8,14,100,,25-Feb-20,7.2,2.3,2.1,27,100,,20-May-20,7.8,2.5,1.7,27,90,Bleaching,7-Oct-20,,,,,0,Dead
Depth gradient 2019 - 2020,Pilli Pipa,8,5,Porites cylindrica,30-Oct-19,6.4,3.6,1.8,37,100,,25-Feb-20,6.8,4.2,1.3,40,80,,20-May-20,6.8,1.1,0.9,5,10,Bleaching,7-Oct-20,,,,,0,Dead
Depth gradient 2019 - 2020,Pilli Pipa,8,6,Porites cylindrica,30-Oct-19,5.4,2.3,1.4,15,100,,25-Feb-20,6.1,2.1,1.8,18,95,,20-May-20,4.3,1.4,1,5,20,Bleaching,7-Oct-20,4.1,1.5,1.2,6,40,
Depth gradient 2019 - 2020,Pilli Pipa,8,7,Porites cylindrica,30-Oct-19,5.3,5.6,2.1,62,100,,25-Feb-20,6.5,4.8,1.3,47,70,,20-May-20,2,0.8,1.9,3,10,Bleaching,7-Oct-20,,,,,0,Dead
Depth gradient 2019 - 2020,Pilli Pipa,8,8,Porites cylindrica,30-Oct-19,6.6,3,4,63,100,,25-Feb-20,7.7,4.6,3.9,109,95,,20-May-20,5.7,1.7,1.2,9,20,Bleaching,7-Oct-20,,,,,0,Dead
Depth gradient 2019 - 2020,Pilli Pipa,9,1,Porites cylindrica,30-Oct-19,4.9,5.5,2.8,66,100,,25-Feb-20,7,7.4,3.4,160,80,,20-May-20,5.2,6.7,2.7,90,80,Bleaching,7-Oct-20,,,,,0,Dead
Depth gradient 2019 - 2020,Pilli Pipa,9,2,Porites cylindrica,30-Oct-19,6.5,5.3,2.1,70,100,,25-Feb-20,7.8,6.7,3.5,159,90,,20-May-20,4.9,1.3,1.2,6,20,Bleaching,7-Oct-20,,,,,0,Dead
Depth gradient 2019 - 2020,Pilli Pipa,9,3,Porites cylindrica,30-Oct-19,,,,,0,Missing,25-Feb-20,,,,,0,Missing,20-May-20,,,,,0,Missing,7-Oct-20,,,,,0,Missing
Depth gradient 2019 - 2020,Pilli Pipa,9,4,Porites cylindrica,30-Oct-19,5.6,4.1,1.7,37,100,,25-Feb-20,2.1,4.8,0.9,13,10,,20-May-20,,,,,0,Dead,7-Oct-20,,,,,0,Dead
Depth gradient 2019 - 2020,Pilli Pipa,9,5,Porites cylindrica,30-Oct-19,4.4,5.8,4.2,86,100,,25-Feb-20,5,7.6,4.7,149,100,,20-May-20,,,,,0,Dead,7-Oct-20,,,,,0,Dead
Depth gradient 2019 - 2020,Pilli Pipa,9,6,Porites cylindrica,30-Oct-19,5.9,5.8,4.1,114,100,,25-Feb-20,7.7,6.2,4.1,160,90,,20-May-20,7.2,7.1,4.9,204,100,Bleaching,7-Oct-20,,,,,0,Dead
Depth gradient 2019 - 2020,Pilli Pipa,9,7,Porites cylindrica,30-Oct-19,6.1,6.2,4,125,100,,25-Feb-20,7.9,5.7,7.5,270,80,,20-May-20,5.6,6.9,2.8,103,50,Bleaching,7-Oct-20,,,,,0,Dead
Depth gradient 2019 - 2020,Pilli Pipa,9,8,Porites cylindrica,30-Oct-19,5.3,3.4,1.8,28,100,,25-Feb-20,7.1,3.5,1.7,38,70,,20-May-20,3.4,1.1,1.5,5,10,Bleaching,7-Oct-20,,,,,0,Dead
Depth gradient 2019 - 2020,Pilli Pipa,10,1,Porites cylindrica,30-Oct-19,7.2,3.2,1.7,34,100,,25-Feb-20,6.9,3.6,3.1,61,90,,20-May-20,5.7,3.9,2.3,43,20,,7-Oct-20,,,,,0,Dead
Depth gradient 2019 - 2020,Pilli Pipa,10,2,Porites cylindrica,30-Oct-19,6.4,4.6,3.6,84,100,,25-Feb-20,7.2,6.7,3.7,153,95,,20-May-20,8.5,7,4.6,225,70,Bleaching,7-Oct-20,,,,,0,Dead
Depth gradient 2019 - 2020,Pilli Pipa,10,3,Porites cylindrica,30-Oct-19,5.6,3.4,1.6,27,100,,25-Feb-20,6.8,5.7,2.4,88,100,,20-May-20,6.9,4.5,1.8,54,70,Bleaching,7-Oct-20,,,,,0,Dead
Depth gradient 2019 - 2020,Pilli Pipa,10,4,Porites cylindrica,30-Oct-19,5.2,6,2.5,74,80,,25-Feb-20,,,,,0,Dead,20-May-20,,,,,0,Dead,7-Oct-20,,,,,0,Dead
Depth gradient 2019 - 2020,Pilli Pipa,10,5,Porites cylindrica,30-Oct-19,8.1,5.3,2.5,97,100,,25-Feb-20,8.1,6.3,2.2,115,90,,20-May-20,7.8,5.8,2.2,98,80,Bleaching,7-Oct-20,,,,,0,Dead
Depth gradient 2019 - 2020,Pilli Pipa,10,6,Porites cylindrica,30-Oct-19,6.1,3.5,1.6,31,100,,25-Feb-20,6.6,3.4,2.2,41,100,,20-May-20,4.4,3.6,1.8,25,20,Bleaching,7-Oct-20,,,,,0,Dead
Depth gradient 2019 - 2020,Pilli Pipa,10,7,Porites cylindrica,30-Oct-19,5.6,6,2.2,74,100,,25-Feb-20,5.9,5,1.5,49,80,,20-May-20,2.1,2.3,1.8,7,10,Bleaching,7-Oct-20,,,,,0,Dead
Depth gradient 2019 - 2020,Pilli Pipa,10,8,Porites cylindrica,30-Oct-19,6.5,5.6,1.6,66,100,,25-Feb-20,6.1,8.1,1.7,115,80,,20-May-20,,,,,0,Dead,7-Oct-20,,,,,0,Dead
